__future__,0
Flask,1
mimeparse,2
unittest,3
random,17
mimetypes,2
crypto,15
contextlib,1
urllib,39
BaseHTTPServer,2
calendar,3
oauth2client,42
uritemplate,4
PIL,1
struct,13
sha,11
base64,18
gettext,0
re,1844
json,12
foursquare,7
collections,4
sqlite3,1
getopt,30
smtplib,2
translate,7
numpy,37
email,12
tweepy,19
cgi,13
stat,0
string,123
simplejson,41
models,1691
inspect,1
db,1805
hashlib,0
Queue,3
webbrowser,1
httplib2,85
copy,33
requests,8
types,1
md5,12
utc,0
httplib,29
oauth2,22
logging,23
socket,96
keyword,4
StringIO,8
util,60
os,380
traceback,1
keyring,13
uuid,2
fetch,13
urlparse,20
threading,4
gzip,6
model,2
anyjson,9
pickle,6
hmac,6
